<metadata xml:lang="en"><Esri><CreaDate>20231101</CreaDate><CreaTime>22052200</CreaTime><ArcGISFormat>1.0</ArcGISFormat><SyncOnce>FALSE</SyncOnce><DataProperties><itemProps><itemName Sync="TRUE">Provinces</itemName><imsContentType Sync="TRUE">002</imsContentType><itemSize Sync="TRUE">0.000</itemSize><itemLocation><linkage Sync="TRUE">file://\\CUPPADLAPTOP1\C$\Users\ralhabbal\Desktop\UW\575\Unit_3\data\Provinces.shp</linkage><protocol Sync="TRUE">Local Area Network</protocol></itemLocation></itemProps><coordRef><type Sync="TRUE">Geographic</type><geogcsn Sync="TRUE">GCS_WGS_1984</geogcsn><csUnits Sync="TRUE">Angular Unit: Degree (0.017453)</csUnits><peXml Sync="TRUE">&lt;GeographicCoordinateSystem xsi:type='typens:GeographicCoordinateSystem' xmlns:xsi='http://www.w3.org/2001/XMLSchema-instance' xmlns:xs='http://www.w3.org/2001/XMLSchema' xmlns:typens='http://www.esri.com/schemas/ArcGIS/3.2.0'&gt;&lt;WKT&gt;GEOGCS[&amp;quot;GCS_WGS_1984&amp;quot;,DATUM[&amp;quot;D_WGS_1984&amp;quot;,SPHEROID[&amp;quot;WGS_1984&amp;quot;,6378137.0,298.257223563]],PRIMEM[&amp;quot;Greenwich&amp;quot;,0.0],UNIT[&amp;quot;Degree&amp;quot;,0.0174532925199433],AUTHORITY[&amp;quot;EPSG&amp;quot;,4326]]&lt;/WKT&gt;&lt;XOrigin&gt;-400&lt;/XOrigin&gt;&lt;YOrigin&gt;-400&lt;/YOrigin&gt;&lt;XYScale&gt;11258999068426.238&lt;/XYScale&gt;&lt;ZOrigin&gt;-100000&lt;/ZOrigin&gt;&lt;ZScale&gt;10000&lt;/ZScale&gt;&lt;MOrigin&gt;-100000&lt;/MOrigin&gt;&lt;MScale&gt;10000&lt;/MScale&gt;&lt;XYTolerance&gt;8.983152841195215e-09&lt;/XYTolerance&gt;&lt;ZTolerance&gt;0.001&lt;/ZTolerance&gt;&lt;MTolerance&gt;0.001&lt;/MTolerance&gt;&lt;HighPrecision&gt;true&lt;/HighPrecision&gt;&lt;LeftLongitude&gt;-180&lt;/LeftLongitude&gt;&lt;WKID&gt;4326&lt;/WKID&gt;&lt;LatestWKID&gt;4326&lt;/LatestWKID&gt;&lt;/GeographicCoordinateSystem&gt;</peXml></coordRef><lineage><Process ToolSource="c:\program files\arcgis\pro\Resources\ArcToolbox\toolboxes\Conversion Tools.tbx\ExportFeatures" Date="20231101" Time="220522">ExportFeatures ne_50m_admin_1_states_provinces C:\Users\ralhabbal\Desktop\UW\575\Unit_3\data\Provinces.shp # NOT_USE_ALIAS "featurecla "featurecla" true true false 18 Text 0 0,First,#,ne_50m_admin_1_states_provinces,featurecla,0,18;scalerank "scalerank" true true false 1 Short 0 1,First,#,ne_50m_admin_1_states_provinces,scalerank,-1,-1;adm1_code "adm1_code" true true false 9 Text 0 0,First,#,ne_50m_admin_1_states_provinces,adm1_code,0,9;diss_me "diss_me" true true false 5 Long 0 5,First,#,ne_50m_admin_1_states_provinces,diss_me,-1,-1;iso_3166_2 "iso_3166_2" true true false 7 Text 0 0,First,#,ne_50m_admin_1_states_provinces,iso_3166_2,0,7;wikipedia "wikipedia" true true false 54 Text 0 0,First,#,ne_50m_admin_1_states_provinces,wikipedia,0,54;iso_a2 "iso_a2" true true false 2 Text 0 0,First,#,ne_50m_admin_1_states_provinces,iso_a2,0,2;adm0_sr "adm0_sr" true true false 1 Short 0 1,First,#,ne_50m_admin_1_states_provinces,adm0_sr,-1,-1;name "name" true true false 40 Text 0 0,First,#,ne_50m_admin_1_states_provinces,name,0,40;name_alt "name_alt" true true false 129 Text 0 0,First,#,ne_50m_admin_1_states_provinces,name_alt,0,129;name_local "name_local" true true false 63 Text 0 0,First,#,ne_50m_admin_1_states_provinces,name_local,0,63;type "type" true true false 28 Text 0 0,First,#,ne_50m_admin_1_states_provinces,type,0,28;type_en "type_en" true true false 19 Text 0 0,First,#,ne_50m_admin_1_states_provinces,type_en,0,19;code_local "code_local" true true false 4 Text 0 0,First,#,ne_50m_admin_1_states_provinces,code_local,0,4;code_hasc "code_hasc" true true false 5 Text 0 0,First,#,ne_50m_admin_1_states_provinces,code_hasc,0,5;note "note" true true false 61 Text 0 0,First,#,ne_50m_admin_1_states_provinces,note,0,61;hasc_maybe "hasc_maybe" true true false 13 Text 0 0,First,#,ne_50m_admin_1_states_provinces,hasc_maybe,0,13;region "region" true true false 19 Text 0 0,First,#,ne_50m_admin_1_states_provinces,region,0,19;region_cod "region_cod" true true false 15 Text 0 0,First,#,ne_50m_admin_1_states_provinces,region_cod,0,15;provnum_ne "provnum_ne" true true false 5 Long 0 5,First,#,ne_50m_admin_1_states_provinces,provnum_ne,-1,-1;gadm_level "gadm_level" true true false 1 Short 0 1,First,#,ne_50m_admin_1_states_provinces,gadm_level,-1,-1;check_me "check_me" true true false 2 Short 0 2,First,#,ne_50m_admin_1_states_provinces,check_me,-1,-1;datarank "datarank" true true false 1 Short 0 1,First,#,ne_50m_admin_1_states_provinces,datarank,-1,-1;abbrev "abbrev" true true false 8 Text 0 0,First,#,ne_50m_admin_1_states_provinces,abbrev,0,8;postal "postal" true true false 2 Text 0 0,First,#,ne_50m_admin_1_states_provinces,postal,0,2;area_sqkm "area_sqkm" true true false 1 Short 0 1,First,#,ne_50m_admin_1_states_provinces,area_sqkm,-1,-1;sameascity "sameascity" true true false 3 Short 0 3,First,#,ne_50m_admin_1_states_provinces,sameascity,-1,-1;labelrank "labelrank" true true false 1 Short 0 1,First,#,ne_50m_admin_1_states_provinces,labelrank,-1,-1;name_len "name_len" true true false 2 Short 0 2,First,#,ne_50m_admin_1_states_provinces,name_len,-1,-1;mapcolor9 "mapcolor9" true true false 1 Short 0 1,First,#,ne_50m_admin_1_states_provinces,mapcolor9,-1,-1;mapcolor13 "mapcolor13" true true false 2 Short 0 2,First,#,ne_50m_admin_1_states_provinces,mapcolor13,-1,-1;fips "fips" true true false 4 Text 0 0,First,#,ne_50m_admin_1_states_provinces,fips,0,4;fips_alt "fips_alt" true true false 9 Text 0 0,First,#,ne_50m_admin_1_states_provinces,fips_alt,0,9;woe_id "woe_id" true true false 8 Long 0 8,First,#,ne_50m_admin_1_states_provinces,woe_id,-1,-1;woe_label "woe_label" true true false 46 Text 0 0,First,#,ne_50m_admin_1_states_provinces,woe_label,0,46;woe_name "woe_name" true true false 28 Text 0 0,First,#,ne_50m_admin_1_states_provinces,woe_name,0,28;latitude "latitude" true true false 14 Double 10 13,First,#,ne_50m_admin_1_states_provinces,latitude,-1,-1;longitude "longitude" true true false 15 Double 10 14,First,#,ne_50m_admin_1_states_provinces,longitude,-1,-1;sov_a3 "sov_a3" true true false 3 Text 0 0,First,#,ne_50m_admin_1_states_provinces,sov_a3,0,3;adm0_a3 "adm0_a3" true true false 3 Text 0 0,First,#,ne_50m_admin_1_states_provinces,adm0_a3,0,3;adm0_label "adm0_label" true true false 1 Short 0 1,First,#,ne_50m_admin_1_states_provinces,adm0_label,-1,-1;admin "admin" true true false 24 Text 0 0,First,#,ne_50m_admin_1_states_provinces,admin,0,24;geonunit "geonunit" true true false 24 Text 0 0,First,#,ne_50m_admin_1_states_provinces,geonunit,0,24;gu_a3 "gu_a3" true true false 3 Text 0 0,First,#,ne_50m_admin_1_states_provinces,gu_a3,0,3;gn_id "gn_id" true true false 8 Long 0 8,First,#,ne_50m_admin_1_states_provinces,gn_id,-1,-1;gn_name "gn_name" true true false 46 Text 0 0,First,#,ne_50m_admin_1_states_provinces,gn_name,0,46;gns_id "gns_id" true true false 8 Long 0 8,First,#,ne_50m_admin_1_states_provinces,gns_id,-1,-1;gns_name "gns_name" true true false 47 Text 0 0,First,#,ne_50m_admin_1_states_provinces,gns_name,0,47;gn_level "gn_level" true true false 2 Short 0 2,First,#,ne_50m_admin_1_states_provinces,gn_level,-1,-1;gn_region "gn_region" true true false 1 Text 0 0,First,#,ne_50m_admin_1_states_provinces,gn_region,0,1;gn_a1_code "gn_a1_code" true true false 5 Text 0 0,First,#,ne_50m_admin_1_states_provinces,gn_a1_code,0,5;region_sub "region_sub" true true false 19 Text 0 0,First,#,ne_50m_admin_1_states_provinces,region_sub,0,19;sub_code "sub_code" true true false 1 Text 0 0,First,#,ne_50m_admin_1_states_provinces,sub_code,0,1;gns_level "gns_level" true true false 2 Short 0 2,First,#,ne_50m_admin_1_states_provinces,gns_level,-1,-1;gns_lang "gns_lang" true true false 3 Text 0 0,First,#,ne_50m_admin_1_states_provinces,gns_lang,0,3;gns_adm1 "gns_adm1" true true false 4 Text 0 0,First,#,ne_50m_admin_1_states_provinces,gns_adm1,0,4;gns_region "gns_region" true true false 1 Text 0 0,First,#,ne_50m_admin_1_states_provinces,gns_region,0,1;min_label "min_label" true true false 3 Float 1 2,First,#,ne_50m_admin_1_states_provinces,min_label,-1,-1;max_label "max_label" true true false 4 Float 1 3,First,#,ne_50m_admin_1_states_provinces,max_label,-1,-1;min_zoom "min_zoom" true true false 3 Float 1 2,First,#,ne_50m_admin_1_states_provinces,min_zoom,-1,-1;wikidataid "wikidataid" true true false 9 Text 0 0,First,#,ne_50m_admin_1_states_provinces,wikidataid,0,9;name_ar "name_ar" true true false 60 Text 0 0,First,#,ne_50m_admin_1_states_provinces,name_ar,0,60;name_bn "name_bn" true true false 107 Text 0 0,First,#,ne_50m_admin_1_states_provinces,name_bn,0,107;name_de "name_de" true true false 44 Text 0 0,First,#,ne_50m_admin_1_states_provinces,name_de,0,44;name_en "name_en" true true false 40 Text 0 0,First,#,ne_50m_admin_1_states_provinces,name_en,0,40;name_es "name_es" true true false 36 Text 0 0,First,#,ne_50m_admin_1_states_provinces,name_es,0,36;name_fr "name_fr" true true false 38 Text 0 0,First,#,ne_50m_admin_1_states_provinces,name_fr,0,38;name_el "name_el" true true false 85 Text 0 0,First,#,ne_50m_admin_1_states_provinces,name_el,0,85;name_hi "name_hi" true true false 82 Text 0 0,First,#,ne_50m_admin_1_states_provinces,name_hi,0,82;name_hu "name_hu" true true false 40 Text 0 0,First,#,ne_50m_admin_1_states_provinces,name_hu,0,40;name_id "name_id" true true false 36 Text 0 0,First,#,ne_50m_admin_1_states_provinces,name_id,0,36;name_it "name_it" true true false 37 Text 0 0,First,#,ne_50m_admin_1_states_provinces,name_it,0,37;name_ja "name_ja" true true false 96 Text 0 0,First,#,ne_50m_admin_1_states_provinces,name_ja,0,96;name_ko "name_ko" true true false 43 Text 0 0,First,#,ne_50m_admin_1_states_provinces,name_ko,0,43;name_nl "name_nl" true true false 37 Text 0 0,First,#,ne_50m_admin_1_states_provinces,name_nl,0,37;name_pl "name_pl" true true false 37 Text 0 0,First,#,ne_50m_admin_1_states_provinces,name_pl,0,37;name_pt "name_pt" true true false 35 Text 0 0,First,#,ne_50m_admin_1_states_provinces,name_pt,0,35;name_ru "name_ru" true true false 76 Text 0 0,First,#,ne_50m_admin_1_states_provinces,name_ru,0,76;name_sv "name_sv" true true false 40 Text 0 0,First,#,ne_50m_admin_1_states_provinces,name_sv,0,40;name_tr "name_tr" true true false 37 Text 0 0,First,#,ne_50m_admin_1_states_provinces,name_tr,0,37;name_vi "name_vi" true true false 40 Text 0 0,First,#,ne_50m_admin_1_states_provinces,name_vi,0,40;name_zh "name_zh" true true false 44 Text 0 0,First,#,ne_50m_admin_1_states_provinces,name_zh,0,44;ne_id "ne_id" true true false 10 Long 0 10,First,#,ne_50m_admin_1_states_provinces,ne_id,-1,-1;name_he "name_he" true true false 53 Text 0 0,First,#,ne_50m_admin_1_states_provinces,name_he,0,53;name_uk "name_uk" true true false 78 Text 0 0,First,#,ne_50m_admin_1_states_provinces,name_uk,0,78;name_ur "name_ur" true true false 52 Text 0 0,First,#,ne_50m_admin_1_states_provinces,name_ur,0,52;name_fa "name_fa" true true false 55 Text 0 0,First,#,ne_50m_admin_1_states_provinces,name_fa,0,55;name_zht "name_zht" true true false 44 Text 0 0,First,#,ne_50m_admin_1_states_provinces,name_zht,0,44;FCLASS_ISO "FCLASS_ISO" true true false 1 Text 0 0,First,#,ne_50m_admin_1_states_provinces,FCLASS_ISO,0,1;FCLASS_US "FCLASS_US" true true false 1 Text 0 0,First,#,ne_50m_admin_1_states_provinces,FCLASS_US,0,1;FCLASS_FR "FCLASS_FR" true true false 1 Text 0 0,First,#,ne_50m_admin_1_states_provinces,FCLASS_FR,0,1;FCLASS_RU "FCLASS_RU" true true false 1 Text 0 0,First,#,ne_50m_admin_1_states_provinces,FCLASS_RU,0,1;FCLASS_ES "FCLASS_ES" true true false 1 Text 0 0,First,#,ne_50m_admin_1_states_provinces,FCLASS_ES,0,1;FCLASS_CN "FCLASS_CN" true true false 12 Text 0 0,First,#,ne_50m_admin_1_states_provinces,FCLASS_CN,0,12;FCLASS_TW "FCLASS_TW" true true false 1 Text 0 0,First,#,ne_50m_admin_1_states_provinces,FCLASS_TW,0,1;FCLASS_IN "FCLASS_IN" true true false 1 Text 0 0,First,#,ne_50m_admin_1_states_provinces,FCLASS_IN,0,1;FCLASS_NP "FCLASS_NP" true true false 1 Text 0 0,First,#,ne_50m_admin_1_states_provinces,FCLASS_NP,0,1;FCLASS_PK "FCLASS_PK" true true false 12 Text 0 0,First,#,ne_50m_admin_1_states_provinces,FCLASS_PK,0,12;FCLASS_DE "FCLASS_DE" true true false 1 Text 0 0,First,#,ne_50m_admin_1_states_provinces,FCLASS_DE,0,1;FCLASS_GB "FCLASS_GB" true true false 1 Text 0 0,First,#,ne_50m_admin_1_states_provinces,FCLASS_GB,0,1;FCLASS_BR "FCLASS_BR" true true false 1 Text 0 0,First,#,ne_50m_admin_1_states_provinces,FCLASS_BR,0,1;FCLASS_IL "FCLASS_IL" true true false 1 Text 0 0,First,#,ne_50m_admin_1_states_provinces,FCLASS_IL,0,1;FCLASS_PS "FCLASS_PS" true true false 1 Text 0 0,First,#,ne_50m_admin_1_states_provinces,FCLASS_PS,0,1;FCLASS_SA "FCLASS_SA" true true false 1 Text 0 0,First,#,ne_50m_admin_1_states_provinces,FCLASS_SA,0,1;FCLASS_EG "FCLASS_EG" true true false 1 Text 0 0,First,#,ne_50m_admin_1_states_provinces,FCLASS_EG,0,1;FCLASS_MA "FCLASS_MA" true true false 1 Text 0 0,First,#,ne_50m_admin_1_states_provinces,FCLASS_MA,0,1;FCLASS_PT "FCLASS_PT" true true false 1 Text 0 0,First,#,ne_50m_admin_1_states_provinces,FCLASS_PT,0,1;FCLASS_AR "FCLASS_AR" true true false 1 Text 0 0,First,#,ne_50m_admin_1_states_provinces,FCLASS_AR,0,1;FCLASS_JP "FCLASS_JP" true true false 1 Text 0 0,First,#,ne_50m_admin_1_states_provinces,FCLASS_JP,0,1;FCLASS_KO "FCLASS_KO" true true false 1 Text 0 0,First,#,ne_50m_admin_1_states_provinces,FCLASS_KO,0,1;FCLASS_VN "FCLASS_VN" true true false 1 Text 0 0,First,#,ne_50m_admin_1_states_provinces,FCLASS_VN,0,1;FCLASS_TR "FCLASS_TR" true true false 1 Text 0 0,First,#,ne_50m_admin_1_states_provinces,FCLASS_TR,0,1;FCLASS_ID "FCLASS_ID" true true false 1 Text 0 0,First,#,ne_50m_admin_1_states_provinces,FCLASS_ID,0,1;FCLASS_PL "FCLASS_PL" true true false 1 Text 0 0,First,#,ne_50m_admin_1_states_provinces,FCLASS_PL,0,1;FCLASS_GR "FCLASS_GR" true true false 1 Text 0 0,First,#,ne_50m_admin_1_states_provinces,FCLASS_GR,0,1;FCLASS_IT "FCLASS_IT" true true false 1 Text 0 0,First,#,ne_50m_admin_1_states_provinces,FCLASS_IT,0,1;FCLASS_NL "FCLASS_NL" true true false 1 Text 0 0,First,#,ne_50m_admin_1_states_provinces,FCLASS_NL,0,1;FCLASS_SE "FCLASS_SE" true true false 1 Text 0 0,First,#,ne_50m_admin_1_states_provinces,FCLASS_SE,0,1;FCLASS_BD "FCLASS_BD" true true false 1 Text 0 0,First,#,ne_50m_admin_1_states_provinces,FCLASS_BD,0,1;FCLASS_UA "FCLASS_UA" true true false 1 Text 0 0,First,#,ne_50m_admin_1_states_provinces,FCLASS_UA,0,1;FCLASS_TLC "FCLASS_TLC" true true false 1 Text 0 0,First,#,ne_50m_admin_1_states_provinces,FCLASS_TLC,0,1" #</Process><Process ToolSource="c:\program files\arcgis\pro\Resources\ArcToolbox\Toolboxes\Data Management Tools.tbx\UpdateSchema" Date="20231101" Time="223744">UpdateSchema "CIMDATA=&lt;CIMStandardDataConnection xsi:type='typens:CIMStandardDataConnection' xmlns:xsi='http://www.w3.org/2001/XMLSchema-instance' xmlns:xs='http://www.w3.org/2001/XMLSchema' xmlns:typens='http://www.esri.com/schemas/ArcGIS/3.1.0'&gt;&lt;WorkspaceConnectionString&gt;DATABASE=C:\Users\ralhabbal\Desktop\UW\575\Unit_3\data&lt;/WorkspaceConnectionString&gt;&lt;WorkspaceFactory&gt;Shapefile&lt;/WorkspaceFactory&gt;&lt;Dataset&gt;Provinces.shp&lt;/Dataset&gt;&lt;DatasetType&gt;esriDTFeatureClass&lt;/DatasetType&gt;&lt;/CIMStandardDataConnection&gt;" &lt;operationSequence&gt;&lt;workflow&gt;&lt;DeleteField&gt;&lt;field_name&gt;featurecla&lt;/field_name&gt;&lt;field_name&gt;scalerank&lt;/field_name&gt;&lt;field_name&gt;adm1_code&lt;/field_name&gt;&lt;field_name&gt;diss_me&lt;/field_name&gt;&lt;field_name&gt;iso_3166_2&lt;/field_name&gt;&lt;field_name&gt;wikipedia&lt;/field_name&gt;&lt;field_name&gt;iso_a2&lt;/field_name&gt;&lt;field_name&gt;adm0_sr&lt;/field_name&gt;&lt;field_name&gt;name_alt&lt;/field_name&gt;&lt;field_name&gt;type_en&lt;/field_name&gt;&lt;field_name&gt;code_local&lt;/field_name&gt;&lt;field_name&gt;code_hasc&lt;/field_name&gt;&lt;field_name&gt;note&lt;/field_name&gt;&lt;field_name&gt;hasc_maybe&lt;/field_name&gt;&lt;field_name&gt;region&lt;/field_name&gt;&lt;field_name&gt;region_cod&lt;/field_name&gt;&lt;field_name&gt;provnum_ne&lt;/field_name&gt;&lt;field_name&gt;gadm_level&lt;/field_name&gt;&lt;field_name&gt;check_me&lt;/field_name&gt;&lt;field_name&gt;datarank&lt;/field_name&gt;&lt;field_name&gt;abbrev&lt;/field_name&gt;&lt;field_name&gt;postal&lt;/field_name&gt;&lt;field_name&gt;area_sqkm&lt;/field_name&gt;&lt;field_name&gt;sameascity&lt;/field_name&gt;&lt;field_name&gt;labelrank&lt;/field_name&gt;&lt;field_name&gt;name_len&lt;/field_name&gt;&lt;field_name&gt;mapcolor9&lt;/field_name&gt;&lt;field_name&gt;mapcolor13&lt;/field_name&gt;&lt;field_name&gt;fips&lt;/field_name&gt;&lt;field_name&gt;fips_alt&lt;/field_name&gt;&lt;field_name&gt;woe_id&lt;/field_name&gt;&lt;field_name&gt;woe_label&lt;/field_name&gt;&lt;field_name&gt;woe_name&lt;/field_name&gt;&lt;field_name&gt;latitude&lt;/field_name&gt;&lt;field_name&gt;longitude&lt;/field_name&gt;&lt;field_name&gt;sov_a3&lt;/field_name&gt;&lt;field_name&gt;adm0_a3&lt;/field_name&gt;&lt;field_name&gt;adm0_label&lt;/field_name&gt;&lt;field_name&gt;admin&lt;/field_name&gt;&lt;field_name&gt;geonunit&lt;/field_name&gt;&lt;field_name&gt;gu_a3&lt;/field_name&gt;&lt;field_name&gt;gn_id&lt;/field_name&gt;&lt;field_name&gt;gn_name&lt;/field_name&gt;&lt;field_name&gt;gns_id&lt;/field_name&gt;&lt;field_name&gt;gns_name&lt;/field_name&gt;&lt;field_name&gt;gn_level&lt;/field_name&gt;&lt;field_name&gt;gn_region&lt;/field_name&gt;&lt;field_name&gt;gn_a1_code&lt;/field_name&gt;&lt;field_name&gt;region_sub&lt;/field_name&gt;&lt;field_name&gt;sub_code&lt;/field_name&gt;&lt;field_name&gt;gns_level&lt;/field_name&gt;&lt;field_name&gt;gns_lang&lt;/field_name&gt;&lt;field_name&gt;gns_adm1&lt;/field_name&gt;&lt;field_name&gt;gns_region&lt;/field_name&gt;&lt;field_name&gt;min_label&lt;/field_name&gt;&lt;field_name&gt;max_label&lt;/field_name&gt;&lt;field_name&gt;min_zoom&lt;/field_name&gt;&lt;field_name&gt;wikidataid&lt;/field_name&gt;&lt;field_name&gt;name_ar&lt;/field_name&gt;&lt;field_name&gt;name_bn&lt;/field_name&gt;&lt;field_name&gt;name_de&lt;/field_name&gt;&lt;field_name&gt;name_en&lt;/field_name&gt;&lt;field_name&gt;name_es&lt;/field_name&gt;&lt;field_name&gt;name_fr&lt;/field_name&gt;&lt;field_name&gt;name_el&lt;/field_name&gt;&lt;field_name&gt;name_hi&lt;/field_name&gt;&lt;field_name&gt;name_hu&lt;/field_name&gt;&lt;field_name&gt;name_id&lt;/field_name&gt;&lt;field_name&gt;name_it&lt;/field_name&gt;&lt;field_name&gt;name_ja&lt;/field_name&gt;&lt;field_name&gt;name_ko&lt;/field_name&gt;&lt;field_name&gt;name_nl&lt;/field_name&gt;&lt;field_name&gt;name_pl&lt;/field_name&gt;&lt;field_name&gt;name_pt&lt;/field_name&gt;&lt;field_name&gt;name_ru&lt;/field_name&gt;&lt;field_name&gt;name_sv&lt;/field_name&gt;&lt;field_name&gt;name_tr&lt;/field_name&gt;&lt;field_name&gt;name_vi&lt;/field_name&gt;&lt;field_name&gt;name_zh&lt;/field_name&gt;&lt;field_name&gt;ne_id&lt;/field_name&gt;&lt;field_name&gt;name_he&lt;/field_name&gt;&lt;field_name&gt;name_uk&lt;/field_name&gt;&lt;field_name&gt;name_ur&lt;/field_name&gt;&lt;field_name&gt;name_fa&lt;/field_name&gt;&lt;field_name&gt;name_zht&lt;/field_name&gt;&lt;field_name&gt;FCLASS_ISO&lt;/field_name&gt;&lt;field_name&gt;FCLASS_US&lt;/field_name&gt;&lt;field_name&gt;FCLASS_FR&lt;/field_name&gt;&lt;field_name&gt;FCLASS_RU&lt;/field_name&gt;&lt;field_name&gt;FCLASS_ES&lt;/field_name&gt;&lt;field_name&gt;FCLASS_CN&lt;/field_name&gt;&lt;field_name&gt;FCLASS_TW&lt;/field_name&gt;&lt;field_name&gt;FCLASS_IN&lt;/field_name&gt;&lt;field_name&gt;FCLASS_NP&lt;/field_name&gt;&lt;field_name&gt;FCLASS_PK&lt;/field_name&gt;&lt;field_name&gt;FCLASS_DE&lt;/field_name&gt;&lt;field_name&gt;FCLASS_GB&lt;/field_name&gt;&lt;field_name&gt;FCLASS_BR&lt;/field_name&gt;&lt;field_name&gt;FCLASS_IL&lt;/field_name&gt;&lt;field_name&gt;FCLASS_PS&lt;/field_name&gt;&lt;field_name&gt;FCLASS_SA&lt;/field_name&gt;&lt;field_name&gt;FCLASS_EG&lt;/field_name&gt;&lt;field_name&gt;FCLASS_MA&lt;/field_name&gt;&lt;field_name&gt;FCLASS_PT&lt;/field_name&gt;&lt;field_name&gt;FCLASS_AR&lt;/field_name&gt;&lt;field_name&gt;FCLASS_JP&lt;/field_name&gt;&lt;field_name&gt;FCLASS_KO&lt;/field_name&gt;&lt;field_name&gt;FCLASS_VN&lt;/field_name&gt;&lt;field_name&gt;FCLASS_TR&lt;/field_name&gt;&lt;field_name&gt;FCLASS_ID&lt;/field_name&gt;&lt;field_name&gt;FCLASS_PL&lt;/field_name&gt;&lt;field_name&gt;FCLASS_GR&lt;/field_name&gt;&lt;field_name&gt;FCLASS_IT&lt;/field_name&gt;&lt;field_name&gt;FCLASS_NL&lt;/field_name&gt;&lt;field_name&gt;FCLASS_SE&lt;/field_name&gt;&lt;field_name&gt;FCLASS_BD&lt;/field_name&gt;&lt;field_name&gt;FCLASS_UA&lt;/field_name&gt;&lt;field_name&gt;FCLASS_TLC&lt;/field_name&gt;&lt;/DeleteField&gt;&lt;/workflow&gt;&lt;/operationSequence&gt;</Process><Process ToolSource="c:\program files\arcgis\pro\Resources\ArcToolbox\toolboxes\Conversion Tools.tbx\ExportFeatures" Date="20231126" Time="111559">ExportFeatures Provinces C:\Users\ralhabbal\Desktop\UW\575\Unit_3\data\States.shp # NOT_USE_ALIAS "name "name" true true false 40 Text 0 0,First,#,Provinces,Provinces.name,0,39;name_local "name_local" true true false 63 Text 0 0,First,#,Provinces,Provinces.name_local,0,62;type "type" true true false 28 Text 0 0,First,#,Provinces,Provinces.type,0,27;OID_ "OID_" true true false 4 Long 0 0,First,#,Provinces,States.csv.OID_,-1,-1,Provinces,States.csv.OID_,-1,-1;GEOID "GEOID" true true false 2 Text 0 0,First,#,Provinces,States.csv.GEOID,0,1,Provinces,States.csv.GEOID,0,1;NAME "NAME" true true false 100 Text 0 0,First,#,Provinces,States.csv.NAME,0,99,Provinces,States.csv.NAME,0,99;Total__Tot "Total__Tot" true true false 4 Long 0 0,First,#,Provinces,States.csv.Total__Tot,-1,-1,Provinces,States.csv.Total__Tot,-1,-1;Percent_To "Percent_To" true true false 8 Double 0 0,First,#,Provinces,States.csv.Percent_To,-1,-1,Provinces,States.csv.Percent_To,-1,-1;Percent__1 "Percent__1" true true false 8 Double 0 0,First,#,Provinces,States.csv.Percent__1,-1,-1,Provinces,States.csv.Percent__1,-1,-1;Percent__2 "Percent__2" true true false 8 Double 0 0,First,#,Provinces,States.csv.Percent__2,-1,-1,Provinces,States.csv.Percent__2,-1,-1;Percent__3 "Percent__3" true true false 8 Double 0 0,First,#,Provinces,States.csv.Percent__3,-1,-1,Provinces,States.csv.Percent__3,-1,-1;Percent__4 "Percent__4" true true false 8 Double 0 0,First,#,Provinces,States.csv.Percent__4,-1,-1,Provinces,States.csv.Percent__4,-1,-1" #</Process><Process ToolSource="c:\program files\arcgis\pro\Resources\ArcToolbox\toolboxes\Data Management Tools.tbx\UpdateSchema" Date="20231126" Time="111640">UpdateSchema "CIMDATA=&lt;CIMStandardDataConnection xsi:type='typens:CIMStandardDataConnection' xmlns:xsi='http://www.w3.org/2001/XMLSchema-instance' xmlns:xs='http://www.w3.org/2001/XMLSchema' xmlns:typens='http://www.esri.com/schemas/ArcGIS/3.2.0'&gt;&lt;WorkspaceConnectionString&gt;DATABASE=C:\Users\ralhabbal\Desktop\UW\575\Unit_3\data&lt;/WorkspaceConnectionString&gt;&lt;WorkspaceFactory&gt;Shapefile&lt;/WorkspaceFactory&gt;&lt;Dataset&gt;States&lt;/Dataset&gt;&lt;DatasetType&gt;esriDTFeatureClass&lt;/DatasetType&gt;&lt;/CIMStandardDataConnection&gt;" &lt;operationSequence&gt;&lt;workflow&gt;&lt;DeleteField&gt;&lt;field_name&gt;name_local&lt;/field_name&gt;&lt;field_name&gt;type&lt;/field_name&gt;&lt;field_name&gt;OID_&lt;/field_name&gt;&lt;/DeleteField&gt;&lt;/workflow&gt;&lt;/operationSequence&gt;</Process><Process ToolSource="c:\program files\arcgis\pro\Resources\ArcToolbox\toolboxes\Conversion Tools.tbx\ExportFeatures" Date="20231126" Time="114806">ExportFeatures States C:\Users\ralhabbal\Documents\ArcGIS\Projects\MyProject\MyProject.gdb\State1 # NOT_USE_ALIAS "name "name" true true false 40 Text 0 0,First,#,States,name,0,39;GEOID "GEOID" true true false 2 Text 0 0,First,#,States,GEOID,0,1;NAME_1 "NAME_1" true true false 100 Text 0 0,First,#,States,NAME_1,0,99;Total__Tot "Total__Tot" true true false 10 Long 0 10,First,#,States,Total__Tot,-1,-1;Percent_To "Percent_To" true true false 19 Double 0 0,First,#,States,Percent_To,-1,-1;Percent__1 "Percent__1" true true false 19 Double 0 0,First,#,States,Percent__1,-1,-1;Percent__2 "Percent__2" true true false 19 Double 0 0,First,#,States,Percent__2,-1,-1;Percent__3 "Percent__3" true true false 19 Double 0 0,First,#,States,Percent__3,-1,-1;Percent__4 "Percent__4" true true false 19 Double 0 0,First,#,States,Percent__4,-1,-1" #</Process><Process ToolSource="c:\program files\arcgis\pro\Resources\ArcToolbox\toolboxes\Data Management Tools.tbx\CalculateField" Date="20231126" Time="115912">CalculateField State1 GEOID SequentialNumber() Python "# Calculates a sequential number
# More calculator examples at esriurl.com/CalculatorExamples
rec=0
def SequentialNumber():
    global rec
    pStart = 1
    pInterval = 1
    if (rec == 0):
        rec = pStart
    else:
        rec = rec + pInterval
    return rec" Text NO_ENFORCE_DOMAINS</Process><Process ToolSource="c:\program files\arcgis\pro\Resources\ArcToolbox\toolboxes\Data Management Tools.tbx\CalculateField" Date="20231126" Time="120030">CalculateField State1 GEOID SequentialNumber() Python "# Calculates a sequential number
# More calculator examples at esriurl.com/CalculatorExamples
rec=0
def SequentialNumber():
    global rec
    pStart = 1
    pInterval = 1
    if (rec == 0):
        rec = pStart
    else:
        rec = rec + pInterval
    return rec" Text NO_ENFORCE_DOMAINS</Process><Process ToolSource="c:\program files\arcgis\pro\Resources\ArcToolbox\toolboxes\Data Management Tools.tbx\UpdateSchema" Date="20231126" Time="120827">UpdateSchema "CIMDATA=&lt;CIMStandardDataConnection xsi:type='typens:CIMStandardDataConnection' xmlns:xsi='http://www.w3.org/2001/XMLSchema-instance' xmlns:xs='http://www.w3.org/2001/XMLSchema' xmlns:typens='http://www.esri.com/schemas/ArcGIS/3.2.0'&gt;&lt;WorkspaceConnectionString&gt;DATABASE=C:\Users\ralhabbal\Documents\ArcGIS\Projects\MyProject\MyProject.gdb&lt;/WorkspaceConnectionString&gt;&lt;WorkspaceFactory&gt;FileGDB&lt;/WorkspaceFactory&gt;&lt;Dataset&gt;State1&lt;/Dataset&gt;&lt;DatasetType&gt;esriDTFeatureClass&lt;/DatasetType&gt;&lt;/CIMStandardDataConnection&gt;" &lt;operationSequence&gt;&lt;workflow&gt;&lt;DeleteField&gt;&lt;field_name&gt;NAME_1&lt;/field_name&gt;&lt;field_name&gt;Total__Tot&lt;/field_name&gt;&lt;field_name&gt;Percent_To&lt;/field_name&gt;&lt;field_name&gt;Percent__1&lt;/field_name&gt;&lt;field_name&gt;Percent__2&lt;/field_name&gt;&lt;field_name&gt;Percent__3&lt;/field_name&gt;&lt;field_name&gt;Percent__4&lt;/field_name&gt;&lt;/DeleteField&gt;&lt;/workflow&gt;&lt;/operationSequence&gt;</Process><Process ToolSource="c:\program files\arcgis\pro\Resources\ArcToolbox\toolboxes\Data Management Tools.tbx\UpdateSchema" Date="20231126" Time="123639">UpdateSchema "CIMDATA=&lt;CIMStandardDataConnection xsi:type='typens:CIMStandardDataConnection' xmlns:xsi='http://www.w3.org/2001/XMLSchema-instance' xmlns:xs='http://www.w3.org/2001/XMLSchema' xmlns:typens='http://www.esri.com/schemas/ArcGIS/3.2.0'&gt;&lt;WorkspaceConnectionString&gt;DATABASE=C:\Users\ralhabbal\Documents\ArcGIS\Projects\MyProject\MyProject.gdb&lt;/WorkspaceConnectionString&gt;&lt;WorkspaceFactory&gt;FileGDB&lt;/WorkspaceFactory&gt;&lt;Dataset&gt;State1&lt;/Dataset&gt;&lt;DatasetType&gt;esriDTFeatureClass&lt;/DatasetType&gt;&lt;/CIMStandardDataConnection&gt;" &lt;operationSequence&gt;&lt;workflow&gt;&lt;AddField&gt;&lt;field_name&gt;ID&lt;/field_name&gt;&lt;field_type&gt;DOUBLE&lt;/field_type&gt;&lt;field_is_nullable&gt;True&lt;/field_is_nullable&gt;&lt;field_is_required&gt;False&lt;/field_is_required&gt;&lt;/AddField&gt;&lt;/workflow&gt;&lt;/operationSequence&gt;</Process><Process ToolSource="c:\program files\arcgis\pro\Resources\ArcToolbox\toolboxes\Data Management Tools.tbx\CalculateField" Date="20231126" Time="123658">CalculateField State1 ID !GEOID! Python "# Calculates a sequential number
# More calculator examples at esriurl.com/CalculatorExamples
rec=0
def SequentialNumber():
    global rec
    pStart = 1
    pInterval = 1
    if (rec == 0):
        rec = pStart
    else:
        rec = rec + pInterval
    return rec" Text NO_ENFORCE_DOMAINS</Process><Process ToolSource="c:\program files\arcgis\pro\Resources\ArcToolbox\toolboxes\Conversion Tools.tbx\ExportFeatures" Date="20231126" Time="124018">ExportFeatures State1 C:\Users\ralhabbal\Desktop\UW\575\Unit_3\data\States.shp # NOT_USE_ALIAS "name "name" true true false 40 Text 0 0,First,#,State1,State1.name,0,39;GEOID "GEOID" true true false 2 Text 0 0,First,#,State1,State1.GEOID,0,1;Shape_Length "Shape_Length" false true true 8 Double 0 0,First,#,State1,State1.Shape_Length,-1,-1;Shape_Area "Shape_Area" false true true 8 Double 0 0,First,#,State1,State1.Shape_Area,-1,-1;ID "ID" true true false 8 Double 0 0,First,#,State1,State1.ID,-1,-1;GEOID "GEOID" true true false 4 Long 0 0,First,#,State1,States1.csv.GEOID,-1,-1,State1,States1.csv.GEOID,-1,-1;NAME "NAME" true true false 8000 Text 0 0,First,#,State1,States1.csv.NAME,0,7999,State1,States1.csv.NAME,0,7999;P_total "P_total" true true false 4 Long 0 0,First,#,State1,States1.csv.P_total,-1,-1,State1,States1.csv.P_total,-1,-1;P_Science "P_Science" true true false 8 Double 0 0,First,#,State1,States1.csv.P_Science,-1,-1,State1,States1.csv.P_Science,-1,-1;P_related "P_related" true true false 8 Double 0 0,First,#,State1,States1.csv.P_related,-1,-1,State1,States1.csv.P_related,-1,-1;P_Business "P_Business" true true false 8 Double 0 0,First,#,State1,States1.csv.P_Business,-1,-1,State1,States1.csv.P_Business,-1,-1;P_HE "P_HE" true true false 8 Double 0 0,First,#,State1,States1.csv.P_HE,-1,-1,State1,States1.csv.P_HE,-1,-1;P_Art "P_Art" true true false 8 Double 0 0,First,#,State1,States1.csv.P_Art,-1,-1,State1,States1.csv.P_Art,-1,-1" #</Process><Process ToolSource="c:\program files\arcgis\pro\Resources\ArcToolbox\toolboxes\Data Management Tools.tbx\UpdateSchema" Date="20231126" Time="124116">UpdateSchema "CIMDATA=&lt;CIMStandardDataConnection xsi:type='typens:CIMStandardDataConnection' xmlns:xsi='http://www.w3.org/2001/XMLSchema-instance' xmlns:xs='http://www.w3.org/2001/XMLSchema' xmlns:typens='http://www.esri.com/schemas/ArcGIS/3.2.0'&gt;&lt;WorkspaceConnectionString&gt;DATABASE=C:\Users\ralhabbal\Desktop\UW\575\Unit_3\data&lt;/WorkspaceConnectionString&gt;&lt;WorkspaceFactory&gt;Shapefile&lt;/WorkspaceFactory&gt;&lt;Dataset&gt;States&lt;/Dataset&gt;&lt;DatasetType&gt;esriDTFeatureClass&lt;/DatasetType&gt;&lt;/CIMStandardDataConnection&gt;" &lt;operationSequence&gt;&lt;workflow&gt;&lt;DeleteField&gt;&lt;field_name&gt;GEOID&lt;/field_name&gt;&lt;field_name&gt;GEOID_1&lt;/field_name&gt;&lt;field_name&gt;NAME_1&lt;/field_name&gt;&lt;/DeleteField&gt;&lt;/workflow&gt;&lt;/operationSequence&gt;</Process><Process ToolSource="c:\program files\arcgis\pro\Resources\ArcToolbox\toolboxes\Data Management Tools.tbx\UpdateSchema" Date="20231126" Time="124215">UpdateSchema "CIMDATA=&lt;CIMStandardDataConnection xsi:type='typens:CIMStandardDataConnection' xmlns:xsi='http://www.w3.org/2001/XMLSchema-instance' xmlns:xs='http://www.w3.org/2001/XMLSchema' xmlns:typens='http://www.esri.com/schemas/ArcGIS/3.2.0'&gt;&lt;WorkspaceConnectionString&gt;DATABASE=C:\Users\ralhabbal\Desktop\UW\575\Unit_3\data&lt;/WorkspaceConnectionString&gt;&lt;WorkspaceFactory&gt;Shapefile&lt;/WorkspaceFactory&gt;&lt;Dataset&gt;States&lt;/Dataset&gt;&lt;DatasetType&gt;esriDTFeatureClass&lt;/DatasetType&gt;&lt;/CIMStandardDataConnection&gt;" &lt;operationSequence&gt;&lt;workflow&gt;&lt;DeleteField&gt;&lt;field_name&gt;Shape_Leng&lt;/field_name&gt;&lt;field_name&gt;Shape_Area&lt;/field_name&gt;&lt;/DeleteField&gt;&lt;/workflow&gt;&lt;/operationSequence&gt;</Process><Process ToolSource="c:\program files\arcgis\pro\Resources\ArcToolbox\toolboxes\Analysis Tools.tbx\Union" Date="20231126" Time="174331">Union "States #;Provinces #" C:\Users\ralhabbal\Documents\ArcGIS\Projects\MyProject\MyProject.gdb\States_Union "All attributes" # GAPS</Process><Process ToolSource="c:\program files\arcgis\pro\Resources\ArcToolbox\toolboxes\Conversion Tools.tbx\ExportFeatures" Date="20231126" Time="174409">ExportFeatures States_Union C:\Users\ralhabbal\Desktop\UW\575\Unit_3\data\Provinces.shp # NOT_USE_ALIAS "FID_States "FID_States" true true false 4 Long 0 0,First,#,States_Union,FID_States,-1,-1;name "name" true true false 40 Text 0 0,First,#,States_Union,name,0,39;ID "ID" true true false 8 Double 0 0,First,#,States_Union,ID,-1,-1;P_total "P_total" true true false 4 Long 0 0,First,#,States_Union,P_total,-1,-1;P_Science "P_Science" true true false 8 Double 0 0,First,#,States_Union,P_Science,-1,-1;P_related "P_related" true true false 8 Double 0 0,First,#,States_Union,P_related,-1,-1;P_Business "P_Business" true true false 8 Double 0 0,First,#,States_Union,P_Business,-1,-1;P_HE "P_HE" true true false 8 Double 0 0,First,#,States_Union,P_HE,-1,-1;P_Art "P_Art" true true false 8 Double 0 0,First,#,States_Union,P_Art,-1,-1;FID_Provinces "FID_Provinces" true true false 4 Long 0 0,First,#,States_Union,FID_Provinces,-1,-1;name_1 "name" true true false 40 Text 0 0,First,#,States_Union,name_1,0,39;name_local "name_local" true true false 63 Text 0 0,First,#,States_Union,name_local,0,62;type "type" true true false 28 Text 0 0,First,#,States_Union,type,0,27;Shape_Length "Shape_Length" false true true 8 Double 0 0,First,#,States_Union,Shape_Length,-1,-1;Shape_Area "Shape_Area" false true true 8 Double 0 0,First,#,States_Union,Shape_Area,-1,-1" #</Process></lineage></DataProperties><SyncDate>20231126</SyncDate><SyncTime>17440900</SyncTime><ModDate>20231126</ModDate><ModTime>17440900</ModTime></Esri><dataIdInfo><envirDesc Sync="TRUE">Microsoft Windows 10 Version 10.0 (Build 19044) ; Esri ArcGIS 13.2.0.49743</envirDesc><dataLang><languageCode value="eng" Sync="TRUE"></languageCode><countryCode value="USA" Sync="TRUE"></countryCode></dataLang><idCitation><resTitle Sync="TRUE">Provinces</resTitle><presForm><PresFormCd value="005" Sync="TRUE"></PresFormCd></presForm></idCitation><spatRpType><SpatRepTypCd value="001" Sync="TRUE"></SpatRepTypCd></spatRpType></dataIdInfo><mdLang><languageCode value="eng" Sync="TRUE"></languageCode><countryCode value="USA" Sync="TRUE"></countryCode></mdLang><mdChar><CharSetCd value="004" Sync="TRUE"></CharSetCd></mdChar><distInfo><distFormat><formatName Sync="TRUE">Shapefile</formatName></distFormat><distTranOps><transSize Sync="TRUE">0.000</transSize></distTranOps></distInfo><mdHrLv><ScopeCd value="005" Sync="TRUE"></ScopeCd></mdHrLv><mdHrLvName Sync="TRUE">dataset</mdHrLvName><refSysInfo><RefSystem><refSysID><identCode code="4326" Sync="TRUE"></identCode><idCodeSpace Sync="TRUE">EPSG</idCodeSpace><idVersion Sync="TRUE">6.2(3.0.1)</idVersion></refSysID></RefSystem></refSysInfo><spatRepInfo><VectSpatRep><geometObjs Name="Provinces"><geoObjTyp><GeoObjTypCd value="002" Sync="TRUE"></GeoObjTypCd></geoObjTyp><geoObjCnt Sync="TRUE">0</geoObjCnt></geometObjs><topLvl><TopoLevCd value="001" Sync="TRUE"></TopoLevCd></topLvl></VectSpatRep></spatRepInfo><spdoinfo><ptvctinf><esriterm Name="Provinces"><efeatyp Sync="TRUE">Simple</efeatyp><efeageom code="4" Sync="TRUE"></efeageom><esritopo Sync="TRUE">FALSE</esritopo><efeacnt Sync="TRUE">0</efeacnt><spindex Sync="TRUE">FALSE</spindex><linrefer Sync="TRUE">FALSE</linrefer></esriterm></ptvctinf></spdoinfo><eainfo><detailed Name="Provinces"><enttyp><enttypl Sync="TRUE">Provinces</enttypl><enttypt Sync="TRUE">Feature Class</enttypt><enttypc Sync="TRUE">0</enttypc></enttyp><attr><attrlabl Sync="TRUE">FID</attrlabl><attalias Sync="TRUE">FID</attalias><attrtype Sync="TRUE">OID</attrtype><attwidth Sync="TRUE">4</attwidth><atprecis Sync="TRUE">0</atprecis><attscale Sync="TRUE">0</attscale><attrdef Sync="TRUE">Internal feature number.</attrdef><attrdefs Sync="TRUE">Esri</attrdefs><attrdomv><udom Sync="TRUE">Sequential unique whole numbers that are automatically generated.</udom></attrdomv></attr><attr><attrlabl Sync="TRUE">Shape</attrlabl><attalias Sync="TRUE">Shape</attalias><attrtype Sync="TRUE">Geometry</attrtype><attwidth Sync="TRUE">0</attwidth><atprecis Sync="TRUE">0</atprecis><attscale Sync="TRUE">0</attscale><attrdef Sync="TRUE">Feature geometry.</attrdef><attrdefs Sync="TRUE">Esri</attrdefs><attrdomv><udom Sync="TRUE">Coordinates defining the features.</udom></attrdomv></attr><attr><attrlabl Sync="TRUE">FID_States</attrlabl><attalias Sync="TRUE">FID_States</attalias><attrtype Sync="TRUE">Integer</attrtype><attwidth Sync="TRUE">10</attwidth><atprecis Sync="TRUE">10</atprecis><attscale Sync="TRUE">0</attscale></attr><attr><attrlabl Sync="TRUE">name</attrlabl><attalias Sync="TRUE">name</attalias><attrtype Sync="TRUE">String</attrtype><attwidth Sync="TRUE">40</attwidth><atprecis Sync="TRUE">0</atprecis><attscale Sync="TRUE">0</attscale></attr><attr><attrlabl Sync="TRUE">NAME_1</attrlabl><attalias Sync="TRUE">name_1</attalias><attrtype Sync="TRUE">String</attrtype><attwidth Sync="TRUE">40</attwidth><atprecis Sync="TRUE">0</atprecis><attscale Sync="TRUE">0</attscale></attr><attr><attrlabl Sync="TRUE">ID</attrlabl><attalias Sync="TRUE">ID</attalias><attrtype Sync="TRUE">Double</attrtype><attwidth Sync="TRUE">19</attwidth><atprecis Sync="TRUE">0</atprecis><attscale Sync="TRUE">0</attscale></attr><attr><attrlabl Sync="TRUE">Shape_Area</attrlabl><attalias Sync="TRUE">Shape_Area</attalias><attrtype Sync="TRUE">Double</attrtype><attwidth Sync="TRUE">19</attwidth><atprecis Sync="TRUE">0</atprecis><attscale Sync="TRUE">0</attscale><attrdef Sync="TRUE">Area of feature in internal units squared.</attrdef><attrdefs Sync="TRUE">Esri</attrdefs><attrdomv><udom Sync="TRUE">Positive real numbers that are automatically generated.</udom></attrdomv></attr><attr><attrlabl Sync="TRUE">P_total</attrlabl><attalias Sync="TRUE">P_total</attalias><attrtype Sync="TRUE">Integer</attrtype><attwidth Sync="TRUE">10</attwidth><atprecis Sync="TRUE">10</atprecis><attscale Sync="TRUE">0</attscale></attr><attr><attrlabl Sync="TRUE">P_Science</attrlabl><attalias Sync="TRUE">P_Science</attalias><attrtype Sync="TRUE">Double</attrtype><attwidth Sync="TRUE">19</attwidth><atprecis Sync="TRUE">0</atprecis><attscale Sync="TRUE">0</attscale></attr><attr><attrlabl Sync="TRUE">P_related</attrlabl><attalias Sync="TRUE">P_related</attalias><attrtype Sync="TRUE">Double</attrtype><attwidth Sync="TRUE">19</attwidth><atprecis Sync="TRUE">0</atprecis><attscale Sync="TRUE">0</attscale></attr><attr><attrlabl Sync="TRUE">P_Business</attrlabl><attalias Sync="TRUE">P_Business</attalias><attrtype Sync="TRUE">Double</attrtype><attwidth Sync="TRUE">19</attwidth><atprecis Sync="TRUE">0</atprecis><attscale Sync="TRUE">0</attscale></attr><attr><attrlabl Sync="TRUE">FID_Provin</attrlabl><attalias Sync="TRUE">FID_Provin</attalias><attrtype Sync="TRUE">Integer</attrtype><attwidth Sync="TRUE">10</attwidth><atprecis Sync="TRUE">10</atprecis><attscale Sync="TRUE">0</attscale></attr><attr><attrlabl Sync="TRUE">P_HE</attrlabl><attalias Sync="TRUE">P_HE</attalias><attrtype Sync="TRUE">Double</attrtype><attwidth Sync="TRUE">19</attwidth><atprecis Sync="TRUE">0</atprecis><attscale Sync="TRUE">0</attscale></attr><attr><attrlabl Sync="TRUE">name_local</attrlabl><attalias Sync="TRUE">name_local</attalias><attrtype Sync="TRUE">String</attrtype><attwidth Sync="TRUE">63</attwidth><atprecis Sync="TRUE">0</atprecis><attscale Sync="TRUE">0</attscale></attr><attr><attrlabl Sync="TRUE">type</attrlabl><attalias Sync="TRUE">type</attalias><attrtype Sync="TRUE">String</attrtype><attwidth Sync="TRUE">28</attwidth><atprecis Sync="TRUE">0</atprecis><attscale Sync="TRUE">0</attscale></attr><attr><attrlabl Sync="TRUE">Shape_Leng</attrlabl><attalias Sync="TRUE">Shape_Leng</attalias><attrtype Sync="TRUE">Double</attrtype><attwidth Sync="TRUE">19</attwidth><atprecis Sync="TRUE">0</atprecis><attscale Sync="TRUE">0</attscale></attr><attr><attrlabl Sync="TRUE">P_Art</attrlabl><attalias Sync="TRUE">P_Art</attalias><attrtype Sync="TRUE">Double</attrtype><attwidth Sync="TRUE">19</attwidth><atprecis Sync="TRUE">0</atprecis><attscale Sync="TRUE">0</attscale></attr></detailed></eainfo><mdDateSt Sync="TRUE">20231126</mdDateSt></metadata>
